link,title,brand,modelNu,price
https://www.trendyol.com/acer/nitro-v-15-anv15-51-intel-i5-13420h-8gb-1tb-ssd-6gb-rtx4050-15-6-fhd-ips-144hz-freedos-nh-qnbey-003-p-794849833,"Intel I5-13420H 8GB 1TB SSD 6GB RTX4050 15.6""FHD IPS 144hz Freedos NH.QNBEY.003",ACER,Nitro V 15 ANV15-51,25399.0
https://www.trendyol.com/lenovo/ideapad-slim-3-15iah8-intel-core-i5-12450h-16gb-1tb-ssd-freedos-15-6-fhd-83er00hntr-p-859267346,"Intel Core I5 12450H 16GB 1tb SSD Freedos 15.6"" Fhd 83ER00HNTR",LENOVO,Ideapad Slim 3 15IAH8,16999.0
https://www.trendyol.com/asus/expertbook-b1502-intel-core-i5-1235u-16gb-512gb-ssd-15-6-fhd-win-11-pro-tasinabilir-bilgisayar-p-852182224,"Core İ5-1235U 16GB 512GB SSD 15,6"" Fhd Win 11 Pro Taşınabilir Bilgisayar",ASUS,Expertbook B1502 Intel,15525.44
https://www.trendyol.com/quadro/novabook-in16-1650p-cs-i5-1035g7-16gb-512gb-ssd-o-b-uhd-15-6-dos-siyah-notebook-p-804300550,"I5-1035g7 16gb 512gb Ssd O/b Uhd 15.6"" Dos Siyah Notebook",Quadro,Novabook In16-1650p-cs,13349.0
https://www.trendyol.com/acer/aspire-5-a515-57-566w-intel-i5-12450h-8gb-512gb-ssd-uhd-graphics-15-6-ips-freedos-nx-kn4ey-003-p-839317049,"Intel I5-12450H 8gb 512GB SSD UHD Graphics 15.6""IPS Freedos NX.KN4EY.003",ACER,Aspire 5 A515-57-566W,12999.0
https://www.trendyol.com/apple/macbook-air-m1-cip-8gb-256gb-ssd-macos-13-qhd-tasinabilir-bilgisayar-uzay-grisi-p-68042136,"256gb Ssd Macos 13"" Qhd Taşınabilir Bilgisayar Uzay Grisi",Apple,Macbook Air M1 Çip 8gb,29499.0
https://www.trendyol.com/lenovo/v15-ryzen-3-7320u-8gb-256-ssd-15-6-freedos-tasinabilir-bilgisayar-82yu00p0tx-p-742227880,"256 Ssd 15.6"" Freedos Taşınabilir Bilgisayar 82yu00p0tx",LENOVO,V15 Ryzen 3-7320u 8gb,9299.0
https://www.trendyol.com/izoly/business-swift-xt-i5-3470-16gb-256gb-22-masaustu-bilgisayari-p-637243886,"I5-3470 16gb 256gb 22""masaüstü Bilgisayarı",IZOLY,Busıness Swift Xt,6499.0
https://www.trendyol.com/huawei/matebook-d16-intel-core-i5-12450h-16gb-512gb-ssd-windows11-home-laptop-huawei-tr-garantili-p-320165197,Core i5-12450H 16GB 512GB SSD Windows11 Home Laptop (Huawei TR Garantili),Huawei,Matebook D16 Intel,28999.0
https://www.trendyol.com/acer/aspire-3-a315-35-c8yj-intel-celeron-4500-uma-4gb-ram-128gb-ssd-15-6-fhd-windows11-home-p-832751437,"Intel Celeron 4500 Uma 4gb Ram 128gb Ssd 15,6” Fhd Windows11 Home",ACER,Aspire 3 A315-35-c8yj,7299.0
https://www.trendyol.com/lenovo/nb-v15-82yu0123tx-ryzen5-7520u-16gb-512ssd-o-b-15-6-dos-p-816046818,RYZEN5-7520U 16GB 512SSD O/B 15.6 DOS,LENOVO,NB V15 82YU0123TX,12399.0
https://www.trendyol.com/zeiron/rx44-plus-i5-3470-16gb-1tb-hdd-240gb-ssd-gt730-23-8-dual-curved-oyuncu-bilgisayari-p-338365031,"1TB HDD + 240GB SSD GT730 23.8"" Dual Curved Oyuncu Bilgisayarı",Zeiron,Rx44 Plus i5 3470 16GB,15749.0
https://www.trendyol.com/lenovo/v15-g4-iru-83a100hxtr-intel-core-i7-1355u-16gb-1tb-ssd-freedos-15-6-fhd-bilgisayar-p-838697367,Intel Core i7 1355U 16GB 1TB SSD Freedos 15.6'' FHD Bilgisayar,LENOVO,V15 G4 IRU 83A100HXTR,22626.0
https://www.trendyol.com/lenovo/ip3-83er000wtr-i5-12450h-8gb-lpddr5-512gb-ssd-15-6-freedos-p-772120068,I5-12450h 8gb Lpddr5 512gb Ssd 15.6'' Freedos,LENOVO,Ip3 83er000wtr,14259.01
https://www.trendyol.com/lenovo/v15-g3-intel-core-i5-1235u-16gb-512gb-ssd-windows-11-home-15-6-fhd-82tt00hdtra190-p-831880759,"1235U 16GB 512GB SSD Windows 11 Home 15.6"" FHD 82TT00HDTRA190",LENOVO,V15 G3 Intel Core i5,15399.99
https://www.trendyol.com/zeiron/dr15-i5-3470-16gb-256gb-ssd-1tb-hdd-rx550-4gb-23-8-curved-oyuncu-masaustu-bilgisayar-p-660626460,"256GB SSD+1TB HDD Rx550 4GB 23.8"" Curved Oyuncu Masaüstü Bilgisayar",Zeiron,Dr15 i5 3470 16GB,14999.0
https://www.trendyol.com/hp/victus-15-fa1035nt-7n9v4ea-i5-13500h-16gb-512gb-rtx4050-6gb-15-6-144hz-fhd-freedos-gaming-laptop-p-696878957,i5-13500H 16GB 512GB RTX4050 6GB 15.6 144Hz FHD Freedos Gaming Laptop,HP,Victus 15-FA1035NT 7N9V4EA,29791.11
https://www.trendyol.com/casper/nirvana-c370-4020-4c00b-intel-celeron-n4020-4gb-ram-120gb-ssd-windows-11-home-15-6-hd-p-358003688,"C370.4020-4C00B Intel Celeron N4020 4GB RAM 120GB SSD Windows 11 Home 15.6"" HD",CASPER,Nirvana,8999.0
https://www.trendyol.com/lenovo/loq-intel-core-i5-12450hx-16gb-512gb-ssd-rtx-3050-6gb-15-6-gaming-laptop-83gs008gtr-p-854905322,"i5-12450HX 16gb 512gb Ssd RTX™ 3050 6GB 15,6"" Gaming Laptop 83GS008GTR",LENOVO,LOQ Intel Core,25989.0
https://www.trendyol.com/zeiron/fx50-i5-3470-16gb-ram-1tb-hdd-256gb-ssd-gt730-4gb-23-8-oyuncu-masaustu-bilgisayar-p-50439438,1TB HDD+256GB SSD GT730 4GB 23.8'' Oyuncu Masaüstü Bilgisayar,Zeiron,FX50 i5 3470 16GB Ram,13249.0
https://www.trendyol.com/asus/vivobook-15-intel-core-i3-1215u-4gb-256gb-ssd-dos-15-6-fhd-gumus-dizustu-bilgisayar-f1502za-ej1535-p-780222578,"i3-1215U 4GB 256GB SSD DOS 15.6"" FHD Gümüş Dizüstü Bilgisayar F1502ZA-EJ1535",ASUS,Vivobook 15 Intel Core,9373.99
https://www.trendyol.com/lenovo/ideapad-1-celeron-n4120-4-gb-128-gb-15-6-win-11-p-382953334,"N4120 4 GB 128 GB 15.6"" Win 11",LENOVO,Ideapad 1 Celeron,8398.0
https://www.trendyol.com/lenovo/v15-g3-iap-intel-core-i5-1235u-8gb-256gb-ssd-15-6-fhd-freedos-tasinabilir-bilgisayar-82tt00hdtr-p-812075882,"I5-1235u 8gb 256gb Ssd 15.6"" Fhd Freedos Taşınabilir Bilgisayar 82tt00hdtr",LENOVO,V15 G3 Iap Intel Core,12999.0
https://www.trendyol.com/zeiron/kind-x60-i5-3470-16gb-128gb-ssd-500gb-hdd-gt730-18-5-oyun-bilgisayari-p-137200403,"128gb Ssd+500gb Hdd Gt730 18.5"" Oyun Bilgisayarı",Zeiron,Kind X60 I5-3470 16gb,9199.0
https://www.trendyol.com/hp/15-fc0060nt-amd-ryzen-5-7520u-16gb-512gb-dos-15-6-fhd-siyah-laptop-hp-turkiye-garantili-8m1t2ea-p-761481836,"5-7520U 16GB 512GB DOS 15.6"" FHD Siyah Laptop (HP Türkiye Garantili) 8M1T2EA",HP,15-FC0060NT AMD Ryzen,14253.16
https://www.trendyol.com/monster/abra-a7-v14-4-2-intel-core-i5-13500h-32-gb-ram-1-tb-ssd-6-gb-rtx-3050-freedos-17-3-fhd-144-hz-p-736035477,"Core I5 13500h 32 Gb Ram 1 Tb Ssd 6 Gb Rtx 3050 Freedos 17,3"" Fhd 144 Hz",MONSTER,Abra A7 V14.4.2 Intel,34900.0
https://www.trendyol.com/lenovo/ideapad-1-amd-ryzen-5-5500u-8-gb-256-gb-ssd-freedos-14-inc-82r3008wtx-p-861391781,5500U 8 GB 256 GB Ssd Freedos 14 Inç 82R3008WTX,LENOVO,Ideapad 1 Amd Ryzen™ 5,9499.0
https://www.trendyol.com/quadro/novabook-in16-1650p-cs-i5-1035g7-16gb-512gb-ssd-o-b-uhd-15-6-dos-siyah-notebook-p-804300550,"I5-1035g7 16gb 512gb Ssd O/b Uhd 15.6"" Dos Siyah Notebook",Quadro,Novabook In16-1650p-cs,13349.0
https://www.trendyol.com/acer/aspire-3-amd-ryzen-3-7320u-8gb-256gb-ssd-dos-15-6-fhd-gumus-dizustu-bilgisayar-nx-kdeey-00c-p-784172189,3-7320U 8GB 256GB SSD DOS 15.6''FHD Gümüş Dizüstü Bilgisayar NX.KDEEY.00C,ACER,Aspire 3 AMD Ryzen,8399.0
https://www.trendyol.com/hp/victus-15-fa1063nt-a0bg8ea-i7-13620h-16gb-ram-512gb-ssd-6gb-rtx4050-15-6-fhd-144hz-freedos-p-828270233,i7-13620H 16GB RAM 512GB SSD 6GB RTX4050 15.6'' FHD 144Hz FreeDOS,HP,Victus 15-FA1063NT A0BG8EA,35999.0
https://www.trendyol.com/dell/vostro-3520-intel-core-i5-1235u-16gb-512-gb-ssd-120hz-15-6-windows-11-pro-n1605pvnb3520t37-p-796126166,"i5-1235U 16GB 512 GB SSD 120Hz 15.6"" Windows 11 Pro N1605PVNB3520T37",Dell,Vostro 3520 Intel Core,15999.0
https://www.trendyol.com/izoly/business-swift-xt-i5-3470-16gb-256gb-22-masaustu-bilgisayari-p-637243886,"I5-3470 16gb 256gb 22""masaüstü Bilgisayarı",IZOLY,Busıness Swift Xt,6499.0
https://www.trendyol.com/hp/16-wf0008nt-81t46ea-12gb-rtx4080-i7-13700hx-32gb-ram-1tb-ssd-16-1-inc-fhd-165hz-p-746648917,RTX4080 i7-13700HX 32GB RAM 1TB SSD 16.1 inç FHD 165Hz,HP,16-WF0008NT 81T46EA 12GB,89999.0
https://www.trendyol.com/zeiron/rx44-i5-3470-16gb-1tb-hdd-240gb-ssd-gt730-4gb-23-8-curved-oyuncu-masaustu-bilgisayari-p-131386035,"HDD+240GB SSD GT730 4GB 23.8"" Curved Oyuncu Masaüstü Bilgisayarı",Zeiron,Rx44 i5-3470 16GB 1TB,12949.0
https://www.trendyol.com/asus/vivobook-15-intel-core-i5-1235u-16gb-1tb-ssd-w11p-15-6-fhd-bilgisayar-csrtech-p-795953654,"i5 1235U 16GB 1TB SSD W11P 15.6"" FHD Bilgisayar Csrtech",ASUS,Vivobook 15 Intel Core,20799.0
https://www.trendyol.com/zeiron/rx44-plus-i5-3470-16gb-1tb-hdd-240gb-ssd-gt730-23-8-dual-curved-oyuncu-bilgisayari-p-338365031,"1TB HDD + 240GB SSD GT730 23.8"" Dual Curved Oyuncu Bilgisayarı",Zeiron,Rx44 Plus i5 3470 16GB,15749.0
https://www.trendyol.com/huawei/matebook-d16-2024-intel-core-i5-12450h-8gb-512gb-ssd-freedos-16-ips-tasinabilir-bilgisayar-p-848708418,"Intel Core i5 12450H 8GB 512GB SSD Freedos 16"" IPS Taşınabilir Bilgisayar",Huawei,Matebook D16 2024,18699.0
https://www.trendyol.com/huawei/matebook-d-16-2024-13-nesil-core-i9-16gb-1tb-16-inc-uzay-grisi-p-815864834,Nesil Core i9 16GB+1TB 16 inç Uzay Grisi,Huawei,MateBook D 16 2024 13.,36999.0
https://www.trendyol.com/asus/rog-strix-g17-g713pi-ll081-amd-ryzen-9-7845hx-16gb-1tb-ssd-8gb-rtx4070-17-3-wqhd-240hz-dos-p-752090283,"G713PI-LL081 AMD RYZEN 9-7845HX 16GB 1TB SSD 8GB RTX4070 17.3"" WQHD 240Hz DOS",ASUS,ROG STRIX G17,80499.0
https://www.trendyol.com/zeiron/dr15-i5-3470-16gb-256gb-ssd-1tb-hdd-rx550-4gb-23-8-curved-oyuncu-masaustu-bilgisayar-p-660626460,"256GB SSD+1TB HDD Rx550 4GB 23.8"" Curved Oyuncu Masaüstü Bilgisayar",Zeiron,Dr15 i5 3470 16GB,14999.0
https://www.trendyol.com/huawei/matebook-d14-2024-intel-core-i5-12450h-8gb-512gb-ssd-windows-11-home-14-ips-p-816046812,"Intel Core i5 12450H 8GB 512GB SSD Windows 11 Home 14"" IPS",Huawei,Matebook D14 2024,18830.0
https://www.trendyol.com/casper/excalibur-g770-1245-bvj0x-b-i5-12450h-16gb-ram-500gb-nvme-ssd-gen4-4gb-rtx3050-dos-gaming-laptop-p-311975657,G770.1245-BVJ0X-B i5-12450H 16GB RAM 500GB NVMe SSD GEN4 4GB RTX3050 DOS GAMING LAPTOP,CASPER,Excalibur,26157.22
https://www.trendyol.com/lenovo/ideapad-1-intel-celeron-n4020-8gb-256gb-ssd-dos-15-6-hd-82v700k7tx-tasinabilir-bilgisayar-p-859202373,"Celeron N4020 8GB 256GB SSD DOS 15.6"" HD 82V700K7TX Taşınabilir Bilgisayar",LENOVO,Ideapad 1 Intel,7899.0
https://www.trendyol.com/zeiron/fx50-i5-3470-16gb-ram-1tb-hdd-256gb-ssd-gt730-4gb-23-8-oyuncu-masaustu-bilgisayar-p-50439438,1TB HDD+256GB SSD GT730 4GB 23.8'' Oyuncu Masaüstü Bilgisayar,Zeiron,FX50 i5 3470 16GB Ram,13249.0
https://www.trendyol.com/apple/macbook-pro-m3-pro-18c-gpu-18gb-512gb-ssd-16-inc-uzay-siyah-mrw13tu-a-p-777662386,Gpu 18gb 512gb Ssd 16 Inç Uzay Siyah Mrw13tu/a,Apple,Macbook Pro M3 Pro 18c,94999.0
https://www.trendyol.com/lenovo/loq-15iax9i-i5-12450hx-16gb-512gb-ssd-arc-a530m-15-6-fhd-tasinabilir-bilgisayar-83fq000utr-p-811005998,"16GB 512GB SSD Arc A530M 15.6"" FHD Taşınabilir Bilgisayar 83FQ000UTR",LENOVO,LOQ 15IAX9I i5 12450HX,22499.0
https://www.trendyol.com/asus/tuf-gaming-f15-fx507vu-lp260-intel-i7-13620h-16gb-ddr5-512gb-pcie-ssd-6gb-rtx4050-15-6-fhd-144hz-fd-p-814167252,"FX507VU-LP260 INTEL I7-13620H 16GB DDR5 512GB PCIE SSD 6GB RTX4050 15.6"" FHD 144Hz FD",ASUS,TUF GAMING F15,36849.0
https://www.trendyol.com/zeiron/kind-x60-i5-3470-16gb-128gb-ssd-500gb-hdd-gt730-18-5-oyun-bilgisayari-p-137200403,"128gb Ssd+500gb Hdd Gt730 18.5"" Oyun Bilgisayarı",Zeiron,Kind X60 I5-3470 16gb,9199.0
https://www.trendyol.com/lenovo/v15-82qy00r1tx-celeron-n4500-8gb-ram-256gb-ssd-o-b-vga-15-6-fullhd-freedos-notebook-p-827733705,"N4500 8Gb Ram 256Gb Ssd O/B Vga 15.6"" FullHD FreeDos Notebook",LENOVO,V15 82QY00R1TX Celeron,8299.0
https://www.trendyol.com/hp/a0bh8ea-15s-fq5026nt-i5-1235u-16g-512g-15-6-fhd-freedos-p-831332967,i5-1235U 16G 512G 15.6 FHD Freedos,HP,A0BH8EA 15s-fq5026nt,14999.0
https://www.trendyol.com/lenovo/ideapad-3-intel-core-i3-1215u-8gb-512gb-ssd-freedos-14-inc-82rj00detx-p-780547227,İ3-1215U 8gb 512gb Ssd Freedos 14 İnç 82RJ00DETX,LENOVO,Ideapad 3 Intel Core,10399.0
https://www.trendyol.com/quadro/novabook-in16-1650p-cs-i5-1035g7-16gb-512gb-ssd-o-b-uhd-15-6-dos-siyah-notebook-p-804300550,"I5-1035g7 16gb 512gb Ssd O/b Uhd 15.6"" Dos Siyah Notebook",Quadro,Novabook In16-1650p-cs,13349.0
https://www.trendyol.com/asus/tuf-gaming-f15-fx507zc4-hn211-intel-i5-12500h-8gb-ddr4-512gb-ssd-4gb-rtx3050-15-6-f144hz-dos-p-775398732,"FX507ZC4-HN211 INTEL I5-12500H 8GB DDR4 512GB SSD 4GB RTX3050 15.6"" F144Hz DOS",ASUS,TUF GAMING F15,26404.0
https://www.trendyol.com/apple/macbook-air-13-m1-8gb-256gb-ssd-gumus-p-67975626,256gb Ssd Gümüş,Apple,Macbook Air 13'' M1 8gb,30299.0
https://www.trendyol.com/msi/katana-17-b12vfk-1031xtr-i5-12450h-16gb-ddr5-512gb-ssd-8gb-rtx4060-gddr6-17-3-fhd-144hz-freedos-p-789686494,"I5-12450h 16gb Ddr5 512gb Ssd 8gb Rtx4060 Gddr6 17.3"" Fhd 144hz Freedos",MSI,Katana 17 B12vfk-1031xtr,39499.0
https://www.trendyol.com/izoly/business-swift-xt-i5-3470-16gb-256gb-22-masaustu-bilgisayari-p-637243886,"I5-3470 16gb 256gb 22""masaüstü Bilgisayarı",IZOLY,Busıness Swift Xt,6499.0
https://www.trendyol.com/acer/nitro-5-an515-58-544k-intel-i5-12450h-8gb-512gb-rtx3050-15-6-fhd-144hz-freedos-nh-qfjey-007-p-772974544,"Intel I5-12450H 8GB 512GB RTX3050 15.6"" Fhd 144hz Freedos NH.QFJEY.007",ACER,Nitro 5 AN515-58-544K,24990.0
https://www.trendyol.com/hp/15-fc0003nt-amd-ryzen-3-7320u-8-gb-256-gb-ssd-freedos-15-6-fhd-tasinabilir-bilgisayar-7p6e7ea-p-649568573,"7320u 8 Gb 256 Gb Ssd Freedos 15.6"" Fhd Taşınabilir Bilgisayar 7p6e7ea",HP,15-fc0003nt Amd Ryzen 3,9470.0
https://www.trendyol.com/lenovo/loq-83gs0091tr-03-i5-12450hx-16gb-1tb-ssd-rtx3050-6gb-15-6-dos-p-860689213,i5-12450HX 16GB 1TB SSD RTX3050-6GB 15.6'' Dos,LENOVO,LOQ 83GS0091TR-03,27299.0
https://www.trendyol.com/zeiron/rx44-plus-i5-3470-16gb-1tb-hdd-240gb-ssd-gt730-23-8-dual-curved-oyuncu-bilgisayari-p-338365031,"1TB HDD + 240GB SSD GT730 23.8"" Dual Curved Oyuncu Bilgisayarı",Zeiron,Rx44 Plus i5 3470 16GB,15749.0
https://www.trendyol.com/msi/thin-gf63-12uc-666xtr-intel-core-i7-12650h-16gb-512gb-ssd-rtx3050-freedos-15-6-fhd-144hz-p-760924099,"Intel Core i7 12650H 16GB 512GB SSD RTX3050 Freedos 15.6"" FHD 144Hz",MSI,THIN GF63 12UC-666XTR,34979.0
https://www.trendyol.com/lenovo/loq-intel-core-i5-12450h-16gb-512gb-ssd-rtx4050-6gb-dos-15-6-144hz-gaming-laptop-82xv00fytx-p-773962717,"i5-12450H 16GB 512GB SSD RTX4050 6GB DOS 15.6"" 144hz Gaming Laptop 82XV00FYTX",LENOVO,LOQ Intel Core,33999.0
https://www.trendyol.com/apple/macbook-pro-16-m2-pro-16gb-512gb-ssd-space-gray-laptop-apple-turkiye-garantili-mnw83tu-a-p-637235152,16GB  512GB SSD Space Gray Laptop (Apple Türkiye Garantili) MNW83TU/A,Apple,MacBook Pro 16'' M2 Pro,83199.0
https://www.trendyol.com/zeiron/dr15-i5-3470-16gb-256gb-ssd-1tb-hdd-rx550-4gb-23-8-curved-oyuncu-masaustu-bilgisayar-p-660626460,"256GB SSD+1TB HDD Rx550 4GB 23.8"" Curved Oyuncu Masaüstü Bilgisayar",Zeiron,Dr15 i5 3470 16GB,14999.0
https://www.trendyol.com/lenovo/loq-15iax9-83gs007xtr-i5-12450hx-8gb-512-gb-ssd-rtx-4060-gddr6-15-6-fhd-freedos-gaming-oyu-p-849640776,i5-12450HX 8GB 512 GB SSD RTX 4060 GDDR6 15.6'' FHD FreeDOS Gaming (Oyu,LENOVO,LOQ 15IAX9 83GS007XTR,33599.0
https://www.trendyol.com/lenovo/ip-gaming-3-amd-ryzen-5-6600h-16gb-512gb-rtx3050-16-wuxga-165hz-gaming-notebook-82sc0098tx-p-780224610,"5-6600H 16GB 512GB RTX3050 16"" WUXGA 165Hz Gaming Notebook 82SC0098TX",LENOVO,IP Gaming 3 AMD Ryzen,25999.0
https://www.trendyol.com/monster/markut-m7-v6-2-2-intel-core-i9-13980hx-64gb-ram-2-tb-ssd-16gb-rtx-5000-freedos-17-3-uhd-144-hz-p-798412865,"Intel Core i9 13980HX 64GB RAM 2 TB SSD 16GB RTX 5000 FreeDOS 17,3"" UHD 144 Hz",MONSTER,Markut M7 V6.2.2,322999.0
https://www.trendyol.com/zeiron/fx50-i5-3470-16gb-ram-1tb-hdd-256gb-ssd-gt730-4gb-23-8-oyuncu-masaustu-bilgisayar-p-50439438,1TB HDD+256GB SSD GT730 4GB 23.8'' Oyuncu Masaüstü Bilgisayar,Zeiron,FX50 i5 3470 16GB Ram,13249.0
https://www.trendyol.com/casper/excalibur-g870-1270-dfb0x-b-i7-12700h-32gb-ram-1tb-nvme-8-gb-ssd-rtx4060-dos-gaming-laptop-p-672187638,G870.1270-DFB0X-B i7 12700H 32GB RAM 1TB NVMe 8 GB SSD RTX4060 DOS GAMING LAPTOP,CASPER,Excalibur,38981.11
https://www.trendyol.com/acer/aspire-3-a315-58-34g6-intel-core-i3-1115g4-8gb-ram-256gb-ssd-15-6-freedos-nx-addey-00g-p-785473408,"İntel Core i3-1115G4 8GB RAM, 256GB SSD, 15,6"", FreeDOS, NX.ADDEY.00G",ACER,Aspire 3 A315-58-34G6,8863.99
https://www.trendyol.com/lenovo/ideapad-slim-3-12-nesil-core-i5-12450h-8gb-512gb-ssd-15-6inc-w11-p-779234648,12.Nesil Core i5 12450H-8Gb-512Gb Ssd-15.6inc-W11,LENOVO,Ideapad Slim 3,16879.0
https://www.trendyol.com/zeiron/kind-x60-i5-3470-16gb-128gb-ssd-500gb-hdd-gt730-18-5-oyun-bilgisayari-p-137200403,"128gb Ssd+500gb Hdd Gt730 18.5"" Oyun Bilgisayarı",Zeiron,Kind X60 I5-3470 16gb,9199.0
https://www.trendyol.com/acer/nitro-v15-anv15-51-57xv-i5-13420h-16gb-512gb-ssd-rtx4050-freedos-15-6-fhd-nh-qnbey-004-p-834010357,"i5-13420H 16GB 512GB SSD RTX4050 Freedos 15.6"" FHD NH.QNBEY.004",ACER,Nitro V15 ANV15-51-57XV,28699.0
https://www.trendyol.com/asus/tuf-gaming-a15-fa506nc-hn048-ryzen-5-7535hs-8gb-ram-512gb-ssd-4gb-rtx3050-15-6-inc-fhd-144hz-p-804080592,FA506NC-HN048 Ryzen 5 7535HS 8GB RAM 512GB SSD 4GB RTX3050 15.6 inç FHD 144Hz,ASUS,TUF Gaming A15,24999.0
https://www.trendyol.com/casper/excalibur-g870-1270-dxb0x-b-intel-core-i7-12700h-32gb-ram-2tb-nvme-ssd-8gb-rtx4060-dos-gaming-laptop-p-672155829,G870.1270-DXB0X-B Intel Core i7-12700H 32GB RAM 2TB NVMe SSD 8GB RTX4060 DOS GAMING LAPTOP,CASPER,Excalibur,42031.19
https://www.trendyol.com/quadro/novabook-in16-1650p-cs-i5-1035g7-16gb-512gb-ssd-o-b-uhd-15-6-dos-siyah-notebook-p-804300550,"I5-1035g7 16gb 512gb Ssd O/b Uhd 15.6"" Dos Siyah Notebook",Quadro,Novabook In16-1650p-cs,13349.0
https://www.trendyol.com/msi/cyborg-15-a13vf-895xtr-i5-13420h-16gb-gddr6-1tb-rtx-4060-8gb-15-6-144hz-freedos-full-hd-noteboo-p-804737263,"I5-13420h 16gb Gddr6 1tb Rtx 4060 8gb 15.6"" 144hz Freedos Full Hd Noteboo",MSI,Cyborg 15 A13vf-895xtr,35999.0
https://www.trendyol.com/lenovo/ideapad-1-15alc7-ryzen-7-5700u-8gb-256gb-ssd-15-6-fhd-freedos-82r4006etr-p-739210717,"7 5700U 8GB 256GB SSD 15.6"" FHD Freedos 82R4006ETR",LENOVO,IdeaPad 1 15ALC7 Ryzen,14040.0
https://www.trendyol.com/lenovo/ideapad1-intel-celeron-n4020-4gb-128gb-dos-15-6-gri-laptop-82v700a8tx-p-773962718,"Celeron-N4020 4GB 128GB DOS 15.6"" Gri Laptop 82V700A8TX",LENOVO,Ideapad1 Intel,7999.0
https://www.trendyol.com/izoly/business-swift-xt-i5-3470-16gb-256gb-22-masaustu-bilgisayari-p-637243886,"I5-3470 16gb 256gb 22""masaüstü Bilgisayarı",IZOLY,Busıness Swift Xt,6499.0
https://www.trendyol.com/msi/thin-15-b12uc-1478xtr-i5-12450h-16gb-rtx3050-gddr6-4gb-512gb-ssd-15-6-fhd-144hz-dos-p-820152712,I5-12450h 16gb Rtx3050 Gddr6 4gb 512gb Ssd 15.6 Fhd 144hz Dos,MSI,Thın 15 B12uc-1478xtr,25929.0
https://www.trendyol.com/apple/15-inch-macbook-air-apple-m2-chip-with-8-core-cpu-and-10-core-gpu-256gb-midnight-p-736178362,"Apple M2 chip with 8-core CPU and 10-core GPU, 256GB - Midnight",Apple,15-inch MacBook Air:,42549.0
https://www.trendyol.com/lenovo/ideapad-gaming-3-amd-ryzen-5-16-gb-512gb-ssd-rtx2050-4gb-freedos-15-6-ips-fhd-82k2029ytx-p-841897249,"Ryzen 5 16 GB 512GB SSD RTX2050- 4GB Freedos 15.6"" IPS FHD 82K2029YTX",LENOVO,Ideapad Gaming 3 AMD,23899.0
https://www.trendyol.com/zeiron/rx44-plus-i5-3470-16gb-1tb-hdd-240gb-ssd-gt730-23-8-dual-curved-oyuncu-bilgisayari-p-338365031,"1TB HDD + 240GB SSD GT730 23.8"" Dual Curved Oyuncu Bilgisayarı",Zeiron,Rx44 Plus i5 3470 16GB,15749.0
https://www.trendyol.com/hp/victus-16-s0023nt-7z4n1ea-8gb-rtx4060-ryzen-5-7640hs-16gb-ram-512gb-ssd-16-1-inc-fhd-144hz-p-739046709,8GB RTX4060 Ryzen 5 7640HS 16GB RAM 512GB SSD 16.1 inç FHD 144Hz,HP,Victus 16-S0023NT 7Z4N1EA,37999.0
https://www.trendyol.com/asus/rog-strix-g16-g614jv-n3159-intel-core-i7-13650hx-16-gb-512-gb-ssd-rtx-4060-165-hz-freedos-16-f-p-652899843,"G614jv-n3159 Intel Core I7 13650hx 16 Gb 512 Gb Ssd Rtx 4060 165 Hz Freedos 16"" F",ASUS,Rog Strix G16,54258.0
https://www.trendyol.com/asus/tuf-gaming-a15-fa506nf-hn050-4gb-rtx2050-ryzen-5-7535hs-8gb-ram-512gb-ssd-15-6-inc-fhd-144hz-p-804081390,Fa506nf-hn050 4gb Rtx2050 Ryzen 5 7535hs 8gb Ram 512gb Ssd 15.6 Inç Fhd 144hz,ASUS,Tuf Gaming A15,21999.0
https://www.trendyol.com/zeiron/dr15-i5-3470-16gb-256gb-ssd-1tb-hdd-rx550-4gb-23-8-curved-oyuncu-masaustu-bilgisayar-p-660626460,"256GB SSD+1TB HDD Rx550 4GB 23.8"" Curved Oyuncu Masaüstü Bilgisayar",Zeiron,Dr15 i5 3470 16GB,14999.0
https://www.trendyol.com/msi/cyborg-15-a13vf-893xtr-i7-13620h-16gb-gddr6-512gb-8gb-rtx4060-15-6-144hz-freedos-full-hd-notebo-p-804806289,"I7-13620h 16gb Gddr6 512gb 8gb Rtx4060 15.6"" 144hz Freedos Full Hd Notebo",MSI,Cyborg 15 A13vf-893xtr,41999.0
https://www.trendyol.com/msi/modern-14-c12mo-862xtr-intel-core-i5-1235u-8gb-ddr4-512gb-ssd-14-inc-60hz-full-hd-freedos-laptop-p-838212837,Intel Core i5-1235U 8GB DDR4 512GB SSD 14 inç 60Hz Full HD FreeDos Laptop,MSI,Modern 14 C12MO-862XTR,14999.0
https://www.trendyol.com/acer/nitro-5-an515-46-amd-ryzen-7-6800h-16gb-512gb-ssd-rtx3050-freedos-15-6-fhd-tasinabilir-bilgisa-p-788088616,"Ryzen 7 6800h 16gb 512gb Ssd Rtx3050 Freedos 15.6"" Fhd Taşınabilir Bilgisa",ACER,Nitro 5 An515-46 Amd,26599.0
https://www.trendyol.com/zeiron/fx50-i5-3470-16gb-ram-1tb-hdd-256gb-ssd-gt730-4gb-23-8-oyuncu-masaustu-bilgisayar-p-50439438,1TB HDD+256GB SSD GT730 4GB 23.8'' Oyuncu Masaüstü Bilgisayar,Zeiron,FX50 i5 3470 16GB Ram,13249.0
https://www.trendyol.com/huawei/matebook-d14-2024-intel-core-i5-12450h-16gb-512gb-ssd-14-windows-11-gri-dizustu-bilgisayar-p-808210336,"Intel Core i5-12450H 16GB 512GB SSD 14"" Windows 11 Gri Dizüstü Bilgisayar",Huawei,MateBook D14 2024,26389.0
https://www.trendyol.com/asus/tuf-gaming-a15-fa507nu-lp052-amd-ryzen-7-7735hs-8gb-ddr5-512gb-ssd-6gb-rtx4050-15-6-144hz-dos-p-687053896,"Fa507nu-lp052 Amd Ryzen 7-7735hs 8gb Ddr5 512gb Ssd 6gb Rtx4050 15.6"" 144hz Dos",ASUS,Tuf Gamıng A15,32299.0
https://www.trendyol.com/asus/rog-strix-g16-g614ju-n3195-intel-i7-13650hx-16gb-ddr5-512gb-ssd-6gb-rtx4050-16-wuxga-165hz-dos-p-661623406,"G614ju-n3195 Intel I7-13650hx 16gb Ddr5 512gb Ssd 6gb Rtx4050 16"" Wuxga 165hz Dos",ASUS,Rog Strıx G16,47299.0
https://www.trendyol.com/zeiron/kind-x60-i5-3470-16gb-128gb-ssd-500gb-hdd-gt730-18-5-oyun-bilgisayari-p-137200403,"128gb Ssd+500gb Hdd Gt730 18.5"" Oyun Bilgisayarı",Zeiron,Kind X60 I5-3470 16gb,9199.0
https://www.trendyol.com/apple/macbook-pro-m3-14-uzay-gri-8gb-512gb-ssd-mtl73tu-a-p-777662344,Gri 8gb 512GB Ssd MTL73TU/A,Apple,"Macbook Pro M3 14"" Uzay",63449.0
https://www.trendyol.com/monster/tulpar-t7-v20-6-2-intel-core-i7-13700h-32-gb-ram-1-tb-ssd-8-gb-rtx-4060-freedos-17-3-fhd-144-hz-p-736980364,"Intel Core i7 13700H 32 GB RAM 1 TB SSD 8 GB RTX 4060 FreeDos 17,3"" FHD 144 Hz",MONSTER,Tulpar T7 V20.6.2,53299.0
https://www.trendyol.com/acer/nitro-v-nh-qncey-00116-intel-core-i5-13420h-16gb-512gb-ssd-rtx3050-freedos-15-6-fhd-anv15-p-808996991,Intel Core i5 13420H 16GB 512GB SSD RTX3050 Freedos 15.6'' FHD ANV15,ACER,Nitro V NH.QNCEY.00116,25499.0
https://www.trendyol.com/quadro/novabook-in16-1650p-cs-i5-1035g7-16gb-512gb-ssd-o-b-uhd-15-6-dos-siyah-notebook-p-804300550,"I5-1035g7 16gb 512gb Ssd O/b Uhd 15.6"" Dos Siyah Notebook",Quadro,Novabook In16-1650p-cs,13349.0
https://www.trendyol.com/lenovo/amd-ryzen-5-5500u-16gb-512gb-m-2-ssd-82r400kutx-atl35-w11pro-15-6-notebook-canta-p-838221473,"512GB M.2 SSD 82R400KUTX ATL35 W11pro 15.6"" Notebook+Çanta",LENOVO,AMD Ryzen 5 5500U 16GB,14249.0
https://www.trendyol.com/msi/thin-gf63-12ve-082xtr-intel-core-i5-12450h-8gb-512gb-ssd-rtx4050-freedos-15-6-fhd-144hz-p-680143031,"Intel Core I5 12450h 8gb 512gb Ssd Rtx4050 Freedos 15.6"" Fhd 144hz",MSI,Thın Gf63 12ve-082xtr,29849.0
https://www.trendyol.com/casper/nirvana-c550-1235-bv00x-g-f-intel-core-i5-1235u-16gb-ram-500gb-nvme-ssd-freedos-p-740918586,C550.1235-BV00X-G-F Intel Core i5-1235U 16GB RAM 500GB NVME SSD Freedos,CASPER,Nirvana,15399.0
https://www.trendyol.com/izoly/business-swift-xt-i5-3470-16gb-256gb-22-masaustu-bilgisayari-p-637243886,"I5-3470 16gb 256gb 22""masaüstü Bilgisayarı",IZOLY,Busıness Swift Xt,6499.0
https://www.trendyol.com/msi/titan-18-hx-a14vig-067tr-i9-14900hx-128gb-ddr5-4tb-ssd-16-gb-rtx4090-18-uhd-144hz-win-11-gamin-p-800629689,I9-14900hx 128gb Ddr5 4tb Ssd 16 Gb Rtx4090 18'' Uhd 144hz Win 11 Gamin,MSI,Titan 18 Hx A14vıg-067tr,231999.0
https://www.trendyol.com/casper/excalibur-g870-1270-dfa0x-b-i7-12700h-32gb-ram-1tb-nvme-ssd-gen4-6gb-rtx4050-dos-gaming-laptop-p-672157475,G870.1270-dfa0x-b I7-12700h 32gb Ram 1tb Nvme Ssd Gen4 6gb Rtx4050 Dos Gamıng Laptop,CASPER,Excalibur,36499.0
https://www.trendyol.com/lenovo/ip1-82qd0072tx-i3-1215u-8-gb-256-gb-ssd-15-6-freedos-p-776739394,"I3-1215u 8 Gb 256 Gb Ssd 15.6"" Freedos",LENOVO,Ip1 82qd0072tx,11499.0
https://www.trendyol.com/zeiron/rx44-plus-i5-3470-16gb-1tb-hdd-240gb-ssd-gt730-23-8-dual-curved-oyuncu-bilgisayari-p-338365031,"1TB HDD + 240GB SSD GT730 23.8"" Dual Curved Oyuncu Bilgisayarı",Zeiron,Rx44 Plus i5 3470 16GB,15749.0
https://www.trendyol.com/hp/victus-15-fa0008nt-12-nesil-core-i5-12450h-rtx3050-4gb-16gb-512gb-15-6inc-w11-p-779237005,12.Nesil Core i5 12450H-RTX3050 4Gb-16Gb-512Gb-15.6inc-W11,HP,Victus 15-fa0008nt,26049.0
https://www.trendyol.com/dell/gaming-g15-5530-g155530013u-i7-13650hx-16gb-ddr5-1tb-ssd-rtx4060-8gb-fhd-ubuntu-gaming-laptop-p-750510203,G155530013U i7-13650HX 16GB DDR5 1TB SSD RTX4060 8GB FHD Ubuntu Gaming Laptop,Dell,Gaming G15 5530,43499.0
https://www.trendyol.com/msi/katana-17-b13vgk-1040xtr-i7-13620h-32gb-1tb-ssd-8gb-rtx4070-105w-17-3-fhd-144hz-freedos-p-808460206,I7-13620h 32gb 1tb Ssd 8gb Rtx4070 105w 17.3 Fhd 144hz Freedos,MSI,Katana 17 B13vgk-1040xtr,61199.0
https://www.trendyol.com/zeiron/dr15-i5-3470-16gb-256gb-ssd-1tb-hdd-rx550-4gb-23-8-curved-oyuncu-masaustu-bilgisayar-p-660626460,"256GB SSD+1TB HDD Rx550 4GB 23.8"" Curved Oyuncu Masaüstü Bilgisayar",Zeiron,Dr15 i5 3470 16GB,14999.0
https://www.trendyol.com/monster/abra-a5-v21-4-2-intel-core-i7-12700h-32-gb-ram-1-tb-ssd-6-gb-rtx-3050-freedos-15-6-fhd-144-hz-p-820115819,"Core i7 12700H 32 GB RAM 1 TB SSD 6 GB RTX 3050 FreeDOS 15,6"" FHD 144 Hz",MONSTER,Abra A5 V21.4.2 Intel,35999.0
https://www.trendyol.com/hp/victus-15-fb2010nt-a05njea-amd-ryzen-5-16gb-ddr5-rtx-4060-8gb-15-6-144hz-fhd-fdos-gaming-laptop-p-824631718,Amd Ryzen 5 16gb Ddr5 Rtx 4060 8gb 15.6 144hz Fhd Fdos Gaming Laptop,HP,Victus 15-fb2010nt A05njea,35899.0
https://www.trendyol.com/asus/rog-strix-g16-g614jv-n3452-intel-core-i7-13650hx-32-gb-512-gb-ssd-rtx-4060-140watt-165-hz-freed-p-806000209,G614jv-n3452 Intel Core I7 13650hx 32 Gb 512 Gb Ssd Rtx 4060-140watt 165 Hz Freed,ASUS,Rog Strix G16,59999.0
https://www.trendyol.com/zeiron/fx50-i5-3470-16gb-ram-1tb-hdd-256gb-ssd-gt730-4gb-23-8-oyuncu-masaustu-bilgisayar-p-50439438,1TB HDD+256GB SSD GT730 4GB 23.8'' Oyuncu Masaüstü Bilgisayar,Zeiron,FX50 i5 3470 16GB Ram,13249.0
https://www.trendyol.com/acer/aspire-3-a315-510p-38x0-15-6-fhd-intel-i3-n305-8-gb-ddr5-ram-256-gb-ssd-freedos-nx-kdhey-003-p-734373841,15.6” FHD İntel İ3-N305 8 GB DDR5 RAM 256 GB SSD Freedos NX.KDHEY.003,ACER,Aspire 3 A315-510P-38X0,8395.0
https://www.trendyol.com/asus/tuf-gaming-a15-fa506nf-hn068-amd-ryzen-5-7535hs-16-gb-512-gb-ssd-rtx-2050-144-hz-freedos-15-6-p-813492861,"Fa506nf-hn068 Amd Ryzen 5 7535hs 16 Gb 512 Gb Ssd Rtx 2050 144 Hz Freedos 15.6""",ASUS,Tuf Gaming A15,23999.0
https://www.trendyol.com/lenovo/ideapad1-amd-ryzen-5-5500u-8gb-512gb-ssd-15-6-fhd-dos-cloud-grey-dizustu-bilgisayar-82r400kytx-p-832741075,"5-5500U 8GB 512GB SSD 15.6"" FHD DOS Cloud Grey Dizüstü Bilgisayar 82R400KYTX",LENOVO,IdeaPad1 AMD Ryzen,12400.0
https://www.trendyol.com/zeiron/kind-x60-i5-3470-16gb-128gb-ssd-500gb-hdd-gt730-18-5-oyun-bilgisayari-p-137200403,"128gb Ssd+500gb Hdd Gt730 18.5"" Oyun Bilgisayarı",Zeiron,Kind X60 I5-3470 16gb,9199.0
https://www.trendyol.com/acer/nitro-core-i5-13420h-8gb-512gb-ssd-rtx-3050-freedos-15-6-fhd-notebook-nh-qncey-001-p-774592702,"512GB SSD RTX 3050 Freedos 15.6"" FHD Notebook NH.QNCEY.001",ACER,Nitro Core i5 13420H 8GB,23999.0
https://www.trendyol.com/asus/vivobook-go-15-ryzen-3-7320u-8gb-512-gb-ssd-15-6-freedos-e1504fa-nj289-p-745569218,"7320u 8gb 512 Gb Ssd 15,6"" Freedos E1504fa-nj289",ASUS,Vivobook Go 15 Ryzen 3,9899.0
https://www.trendyol.com/asus/tuf-gaming-a15-fa507nvr-lp005-8gb-rtx4060-140w-ryzen-7-7435hs-16gb-512gb-ssd-15-6-fhd-144hz-p-838432126,"FA507NVR-LP005 8GB RTX4060 140w Ryzen 7 7435HS 16GB 512GB SSD 15.6"" FHD 144Hz",ASUS,TUF Gaming A15,39299.0
https://www.trendyol.com/quadro/novabook-in16-1650p-cs-i5-1035g7-16gb-512gb-ssd-o-b-uhd-15-6-dos-siyah-notebook-p-804300550,"I5-1035g7 16gb 512gb Ssd O/b Uhd 15.6"" Dos Siyah Notebook",Quadro,Novabook In16-1650p-cs,13349.0
https://www.trendyol.com/acer/aspire-3-amd-ryzen-3-7320u-8gb-256gb-ssd-dos-15-6-fhd-dizustu-bilgisayar-acer-turkiye-garantili-p-755183026,"3-7320U 8GB 256GB SSD DOS 15.6"" FHD Dizüstü Bilgisayar (ACER Türkiye Garantili)",ACER,Aspire 3 AMD Ryzen,9199.0
https://www.trendyol.com/casper/excalibur-g870-1245-bva0x-b-core-i5-12450h-16gb-ram-500gb-nvme-ssd-6gb-rtx4050-dos-gaming-laptop-p-672154325,G870.1245-BVA0X-B Core i5-12450H 16GB RAM 500GB NVME SSD 6GB RTX4050 DOS GAMING LAPTOP,CASPER,Excalibur,31299.0
https://www.trendyol.com/asus/tuf-gaming-a15-fa507nur-lp006-6gb-rtx4050-140w-ryzen-7-7435hs-8gb-512gb-ssd-15-6-inc-fhd-144hz-p-838733188,FA507NUR-LP006 6GB RTX4050 140w Ryzen 7 7435HS 8GB 512GB SSD 15.6 inç FHD 144Hz,ASUS,TUF Gaming A15,30999.0
https://www.trendyol.com/izoly/business-swift-xt-i5-3470-16gb-256gb-22-masaustu-bilgisayari-p-637243886,"I5-3470 16gb 256gb 22""masaüstü Bilgisayarı",IZOLY,Busıness Swift Xt,6499.0
https://www.trendyol.com/asus/tuf-gaming-a15-fa506nf-hn052-amd-ryzen-5-7535hs-8-gb-512-gb-ssd-rtx-2050-144-hz-freedos-15-6-f-p-812030009,"Fa506nf-hn052 Amd Ryzen 5 7535hs 8 Gb 512 Gb Ssd Rtx 2050 144 Hz Freedos 15.6"" F",ASUS,Tuf Gaming A15,22199.0
https://www.trendyol.com/lenovo/loq-15irx9-83dv00g7tr-i7-13650hx-8g-512-ssd-6gb-rtx4050-15-6-freedos-p-834836872,i7-13650HX 8G 512 SSD 6GB RTX4050 15.6 FreeDos,LENOVO,LOQ 15IRX9 83DV00G7TR,35999.0
https://www.trendyol.com/hp/victus-16-s0032nt-amd-r5-7640hs-16gb-512gb-ssd-rtx3050-6gb-dos-16-1-144-hz-fhd-notebook-7z4n2ea-p-739504858,"7640hs 16gb 512gb Ssd Rtx3050-6gb Dos 16.1"" 144 Hz Fhd Notebook 7z4n2ea",HP,Victus 16-s0032nt Amd R5,27699.0
https://www.trendyol.com/zeiron/rx44-plus-i5-3470-16gb-1tb-hdd-240gb-ssd-gt730-23-8-dual-curved-oyuncu-bilgisayari-p-338365031,"1TB HDD + 240GB SSD GT730 23.8"" Dual Curved Oyuncu Bilgisayarı",Zeiron,Rx44 Plus i5 3470 16GB,15749.0
https://www.trendyol.com/asus/tuf-gaming-a15-fa506nf-hn051-amd-ryzen-5-7535hs-8gb-512gb-ssd-4gb-rtx2050-15-6-fhd-144hz-fdos-p-814174557,"FA506NF-HN051 AMD RYZEN 5-7535HS 8GB 512GB SSD 4GB RTX2050 15.6"" FHD 144Hz FDOS",ASUS,TUF GAMING A15,22449.0
https://www.trendyol.com/lenovo/ideapad-slim3-intelcore-i5-12450h-16gb-512gb-ssd-dos-15-6-arctic-grey-dizustu-bilgisayar-83er008ktr-p-792009187,"IntelCore i5-12450H 16GB 512GB SSD DOS 15.6"" Arctic Grey Dizüstü Bilgisayar 83ER008KTR",LENOVO,IdeaPad Slim3,19499.0
https://www.trendyol.com/msi/modern-15-b12mo-624xtr-intel-core-i5-1235u-8gb-ddr4-512gb-ssd-uma-15-6-fhd-freedos-notebook-p-767805447,Intel Core i5-1235U 8GB DDR4 512GB SSD UMA 15.6 FHD FreeDos Notebook,MSI,MODERN 15 B12MO-624XTR,16349.9
https://www.trendyol.com/zeiron/dr15-i5-3470-16gb-256gb-ssd-1tb-hdd-rx550-4gb-23-8-curved-oyuncu-masaustu-bilgisayar-p-660626460,"256GB SSD+1TB HDD Rx550 4GB 23.8"" Curved Oyuncu Masaüstü Bilgisayar",Zeiron,Dr15 i5 3470 16GB,14999.0
https://www.trendyol.com/hometech/alfa-620c-intel-celeron-n4020-4-gb-128-gb-ssd-windows-11-14-1-tn-tasinabilir-bilgisayar-p-658259965,"Celeron N4020 4 Gb 128 Gb Ssd Windows 11 14.1"" Tn Taşınabilir Bilgisayar",Hometech,Alfa 620c Intel,6381.0
https://www.trendyol.com/msi/thin-15-b12uc-1479xtr-i7-12650h-16gb-512gb-ssd-rtx3050-freedos-15-6-fhd-144hz-tasinabilir-bil-p-837967052,"12650H 16GB 512GB SSD RTX3050 Freedos 15.6"" FHD 144Hz Taşınabilir Bil.",MSI,THIN 15 B12UC-1479XTR i7,36999.0
https://www.trendyol.com/msi/cyborg-15-a13ve-1252xtr-intel-core-i5-13420h-16gb-512gb-ssd-rtx4050-freedos-15-6-fhd-p-855593749,"Intel Core i5 13420H 16GB 512GB SSD RTX4050 Freedos 15.6"" FHD",MSI,CYBORG 15 A13VE-1252XTR,35899.0
https://www.trendyol.com/zeiron/fx50-i5-3470-16gb-ram-1tb-hdd-256gb-ssd-gt730-4gb-23-8-oyuncu-masaustu-bilgisayar-p-50439438,1TB HDD+256GB SSD GT730 4GB 23.8'' Oyuncu Masaüstü Bilgisayar,Zeiron,FX50 i5 3470 16GB Ram,13249.0
https://www.trendyol.com/lenovo/v15-g3-iap-intel-core-i5-1235u-24-gb-512-gb-ssd-15-6-fhd-freedos-82tt00a5tx-bt8-p-743386234,"I5-1235U 24 GB 512 GB SSD 15.6"" FHD FreeDos 82TT00A5TX BT8",LENOVO,V15 G3 Iap Intel Core™,16299.0
https://www.trendyol.com/turbox/tx45-i7-860-8gb-ram-256gb-ssd-4gb-ekran-karti-23-6-curved-oyuncu-masaustu-bilgisayari-p-34001303,"256gb Ssd 4gb Ekran Kartı 23.6"" Curved Oyuncu Masaüstü Bilgisayarı",TURBOX,Tx45 I7 860 8gb Ram,8999.0
https://www.trendyol.com/asus/tuf-gaming-f15-fx506hc-hn375-intel-i5-11400h-8gb-ddr4-512gb-ssd-4gb-rtx3050-15-6-fhd-144hz-dos-p-455432672,"Fx506hc-hn375 Intel I5-11400h 8gb Ddr4 512gb Ssd 4gb Rtx3050 15.6"" Fhd 144hz Dos",ASUS,Tuf Gamıng F15,30999.0
https://www.trendyol.com/zeiron/kind-x60-i5-3470-16gb-128gb-ssd-500gb-hdd-gt730-18-5-oyun-bilgisayari-p-137200403,"128gb Ssd+500gb Hdd Gt730 18.5"" Oyun Bilgisayarı",Zeiron,Kind X60 I5-3470 16gb,9199.0
https://www.trendyol.com/zeiron/rcx60-windows-11-pro-ryzen-5-3600-32gb-512gb-ssd-rx580-8gb-23-8-curved-oyuncu-masaustu-bilgisayar-p-772551114,"Ryzen 5 3600 32GB 512GB SSD Rx580 8GB 23.8"" Curved Oyuncu Masaüstü Bilgisayar",Zeiron,Rcx60 | Windows 11 Pro,18999.0
https://www.trendyol.com/hp/250-g9-9m3g5at-i5-1235u-8gb-512gb-ssd-fhd-15-6-fdos-notebook-p-824151005,8GB 512GB SSD FHD 15.6'' FDOS NOTEBOOK,HP,250 G9 9M3G5AT I5-1235U,13899.0
https://www.trendyol.com/hp/victus-16-s1010nt-uyumlu-9z790ea-8gb-rtx4060-ryzen-7-8845hs-32gb-ram-1tb-ssd-16-1-inc-fhd-144hz-p-837321327,9z790ea 8gb Rtx4060 Ryzen 7 8845hs 32gb Ram 1tb Ssd 16.1 Inç Fhd 144hz,HP,Victus 16-s1010nt Uyumlu,45499.0
https://www.trendyol.com/quadro/novabook-in16-1650p-cs-i5-1035g7-16gb-512gb-ssd-o-b-uhd-15-6-dos-siyah-notebook-p-804300550,"I5-1035g7 16gb 512gb Ssd O/b Uhd 15.6"" Dos Siyah Notebook",Quadro,Novabook In16-1650p-cs,13349.0
https://www.trendyol.com/huawei/d14-13th-gen-intel-core-i5-13420h-16gb-512gb-intel-uhd-graphics-14-uzay-grisi-notebook-huaw-p-825242066,Core i5-13420h 16gb 512gb Intel® Uhd Graphics 14 Uzay Grısı Notebook Huaw,Huawei,D14 13th Gen Intel®,24999.0
https://www.trendyol.com/msi/thin-a15-b7uc-077xtr-r5-7535hs-16gb-ram-512gb-ssd-4gb-rtx3050-15-6-fhd-144hz-dos-p-822705861,R5-7535hs 16gb Ram 512gb Ssd 4gb Rtx3050 15.6 Fhd 144hz Dos,MSI,Thın A15 B7uc-077xtr,27269.0
https://www.trendyol.com/dmc/n39x-i5-2400-4-cekirdekli-16gb-ram-256gb-ssd-19-inc-masaustu-ofis-bilgisayari-p-225388432,"ÇEKİRDEKLİ) 16gb Ram,256gb Ssd,19'' Inç Masaüstü Ofis Bilgisayarı",DMC,N39x I5-2400 (4,6594.0
https://www.trendyol.com/izoly/business-swift-xt-i5-3470-16gb-256gb-22-masaustu-bilgisayari-p-637243886,"I5-3470 16gb 256gb 22""masaüstü Bilgisayarı",IZOLY,Busıness Swift Xt,6499.0
https://www.trendyol.com/asus/expertbook-intel-core-i3-1215u-8gb-512gb-ssd-15-6-fhd-free-dos-b1502cba-i38512b0d-p-806156488,"I3-1215U 8GB 512GB SSD 15.6""FHD Free Dos B1502CBA-I38512B0D",ASUS,Expertbook Intel Core,10399.0
https://www.trendyol.com/asus/tuf-gaming-a15-fa507nu-lp030-amd-ryzen-7-7735hs-8gb-512gb-ssd-rtx4050-freedos-15-6-fhd-144hz-p-711632611,"Fa507nu-lp030 Amd Ryzen 7 7735hs 8gb 512gb Ssd Rtx4050 Freedos 15.6"" Fhd 144hz",ASUS,Tuf Gaming A15,32900.0
https://www.trendyol.com/asus/tuf-gaming-a15-fa507nur-lp034-k2-amd-ryzen-7-7435hs-16gb-1tb-6gb-rtx4050-15-6-fhd-144hz-dos-p-862561471,"FA507NUR-LP034-K2 AMD RYZEN 7-7435HS 16GB 1TB 6GB RTX4050 15.6"" FHD 144Hz DOS",ASUS,TUF GAMING A15,33999.0
https://www.trendyol.com/zeiron/rx44-plus-i5-3470-16gb-1tb-hdd-240gb-ssd-gt730-23-8-dual-curved-oyuncu-bilgisayari-p-338365031,"1TB HDD + 240GB SSD GT730 23.8"" Dual Curved Oyuncu Bilgisayarı",Zeiron,Rx44 Plus i5 3470 16GB,15749.0
https://www.trendyol.com/msi/cyborg-15-a13vf-892xtr-intel-core-i7-13620h-16gb-512gb-ssd-rtx4060-freedos-15-6-fhd-144hz-p-815841065,"Intel Core i7 13620H 16GB 512GB SSD RTX4060 Freedos 15.6"" FHD 144Hz",MSI,CYBORG 15 A13VF-892XTR,47999.0
https://www.trendyol.com/hp/victus-16-r0065nt-8b5y3ea-i7-13700h-32-gb-ram-1-tb-ssd-8-gb-rtx-4060-16-1-fhd-freedos-p-758800085,"i7-13700H 32 GB RAM 1 TB SSD 8 GB RTX 4060 16.1"" FHD FreeDOS",HP,Victus 16-R0065NT 8B5Y3EA,48999.0
https://www.trendyol.com/asus/x515ma-celeron-n4020-8gb-ram-512gb-ssd-15-6-full-hd-win11-canta-p-831966892,"Ram 512gb Ssd 15,6'' Full HD Win11 + Çanta",ASUS,X515MA Celeron N4020 8gb,10999.0
https://www.trendyol.com/zeiron/dr15-i5-3470-16gb-256gb-ssd-1tb-hdd-rx550-4gb-23-8-curved-oyuncu-masaustu-bilgisayar-p-660626460,"256GB SSD+1TB HDD Rx550 4GB 23.8"" Curved Oyuncu Masaüstü Bilgisayar",Zeiron,Dr15 i5 3470 16GB,14999.0
https://www.trendyol.com/acer/nitro-predator-core-i7-12700h-16gb-512ssd-rtx-3060-freedos-17-3-fhd-notebook-nh-qgvey-003-p-757154760,"12700H 16GB 512SSD RTX 3060 Freedos 17,3"" FHD Notebook NH.QGVEY.003",ACER,Nitro Predator Core i7,37999.0
https://www.trendyol.com/lenovo/loq-intel-core-i5-12450h-8gb-512gb-ssd-15-6-fhd-rtx3050-6gb-freedos-144hz-gaming-laptop-82xv00wytx-p-814870480,"i5-12450H 8GB 512GB SSD 15.6"" FHD RTX3050 6GB FreeDOS 144Hz Gaming Laptop 82XV00WYTX",LENOVO,LOQ Intel Core,24560.0
https://www.trendyol.com/monster/abra-a7-v14-5-intel-core-i5-13500h-16-gb-ram-500-gb-ssd-6-gb-rtx-4050-freedos-17-3-fhd-144-hz-p-736036151,"Core I5 13500h 16 Gb Ram 500 Gb Ssd 6 Gb Rtx 4050 Freedos 17,3"" Fhd 144 Hz",MONSTER,Abra A7 V14.5 Intel,38799.0
https://www.trendyol.com/zeiron/fx50-i5-3470-16gb-ram-1tb-hdd-256gb-ssd-gt730-4gb-23-8-oyuncu-masaustu-bilgisayar-p-50439438,1TB HDD+256GB SSD GT730 4GB 23.8'' Oyuncu Masaüstü Bilgisayar,Zeiron,FX50 i5 3470 16GB Ram,13249.0
https://www.trendyol.com/asus/vivobook-15-x1502za-ej824w-ozt16-intel-core-i3-1215u-16-gb-256-gb-ssd-15-6-fhd-windows-11-home-p-854011215,"X1502ZA-EJ824W-OZT16 Intel Core I3-1215U 16 GB 256 GB SSD 15.6""fhd Windows 11 Home",ASUS,Vivobook 15,12499.0
https://www.trendyol.com/lenovo/i7-1255u-16g-512g-15-6-windows-11-pro-tasinabilir-bilgisayar-82tt0055txw11p-p-742979006,"15.6"" Windows 11 Pro Taşınabilir Bilgisayar 82TT0055TXw11p",LENOVO,i7-1255U 16G 512G,22899.0
https://www.trendyol.com/dell/g15-5530-intel-core-i7-13650hx-16gb-512gb-ssd-rtx3050-6gb-15-6-fhd-120hz-ubuntu-gaming-laptop-p-759035241,"i7-13650HX 16GB 512GB SSD RTX3050 6GB 15.6"" FHD 120Hz Ubuntu Gaming Laptop",Dell,G15-5530 Intel Core,32761.92
https://www.trendyol.com/zeiron/kind-x60-i5-3470-16gb-128gb-ssd-500gb-hdd-gt730-18-5-oyun-bilgisayari-p-137200403,"128gb Ssd+500gb Hdd Gt730 18.5"" Oyun Bilgisayarı",Zeiron,Kind X60 I5-3470 16gb,9199.0
https://www.trendyol.com/acer/aspire3-intel-celeron-n4500-4gb-128gb-ssd-dos-15-6-gumus-dizustu-bilgisayar-acer-turkiye-garantili-p-656066934,"Celeron-N4500 4GB 128GB SSD DOS 15.6"" Gümüş Dizüstü Bilgisayar(Acer Türkiye Garantili)",ACER,Aspire3 Intel,7789.0
https://www.trendyol.com/zeiron/fx50-i5-3470-16gb-ram-1tb-hdd-256gb-ssd-gt730-4gb-23-8-oyuncu-masaustu-bilgisayar-p-50439438,1TB HDD+256GB SSD GT730 4GB 23.8'' Oyuncu Masaüstü Bilgisayar,Zeiron,FX50 i5 3470 16GB Ram,13249.0
https://www.trendyol.com/hp/15-dizustu-bilgisayar-15-6-inc-fhd-intel-core-i3-1115g4-8-gb-ram-256-gb-ssd-freedos-p-817236206,"15,6 inç FHD, Intel Core i3-1115G4, 8 GB Ram, 256 GB SSD, FreeDOS",HP,"15 Dizüstü Bilgisayar,",9443.99
https://www.trendyol.com/quadro/novabook-in16-1650p-cs-i5-1035g7-16gb-512gb-ssd-o-b-uhd-15-6-dos-siyah-notebook-p-804300550,"I5-1035g7 16gb 512gb Ssd O/b Uhd 15.6"" Dos Siyah Notebook",Quadro,Novabook In16-1650p-cs,13349.0
https://www.trendyol.com/lenovo/yoga-7-amd-ryzen-7-8840hs-16-gb-1-tb-ssd-freedos-83dk005ptr-p-834662383,8840HS 16 GB 1 Tb Ssd FREEDOS 83DK005PTR,LENOVO,Yoga 7 AMD Ryzen™ 7,39999.0
https://www.trendyol.com/lenovo/ideapad-1-amd-ryzen-7-5700u-16-gb-1-tb-ssd-freedos-14-inc-82r3007dtx-p-808987114,5700u 16 Gb 1 Tb Ssd Freedos 14 Inç 82r3007dtx,LENOVO,Ideapad 1 Amd Ryzen™ 7,16299.0
https://www.trendyol.com/hp/victus-intel-core-i5-14450hx-16gb-512gb-ssd-rtx3050-6gb-16-1-144hz-ips-dos-gaming-laptop-9j291ea-p-818374665,"i5-14450HX 16GB 512GB SSD RTX3050 6GB 16.1"" 144Hz IPS DOS Gaming Laptop 9J291EA",HP,Victus Intel Core,34789.3
https://www.trendyol.com/izoly/business-swift-xt-i5-3470-16gb-256gb-22-masaustu-bilgisayari-p-637243886,"I5-3470 16gb 256gb 22""masaüstü Bilgisayarı",IZOLY,Busıness Swift Xt,6499.0
https://www.trendyol.com/lenovo/thinkbook-14-21kg004ntr-i7-13700h-16gb-512gb-ssd-o-b-intel-uhd-14-dos-gri-notebook-p-793038881,"21kg004ntr I7-13700h 16gb 512gb Ssd O/b Intel Uhd 14"" Dos Gri Notebook",LENOVO,Thinkbook 14,29199.0
https://www.trendyol.com/lenovo/loq-15arp9-83jc006atrv1-ryzen-7-7435hs-24gb-512gb-rtx4050-15-6-inc-144hz-fhd-gaming-laptop-p-834268134,83JC006ATRv1 Ryzen 7-7435HS 24GB 512GB RTX4050 15.6 inç 144Hz FHD Gaming Laptop,LENOVO,LOQ 15ARP9,32899.0
https://www.trendyol.com/jetucuzal/j-tech-r265-i5-2400-16gb-ram-256gb-ssd-19-inc-fhd-monitor-wi-fi-masaustu-bilgisayar-p-785472534,16gb Ram 256gb Ssd 19 Inç Fhd Monitör Wi-fi Masaüstü Bilgisayar,jetucuzal,J-tech R265 I5 2400,6699.0
https://www.trendyol.com/zeiron/rx44-plus-i5-3470-16gb-1tb-hdd-240gb-ssd-gt730-23-8-dual-curved-oyuncu-bilgisayari-p-338365031,"1TB HDD + 240GB SSD GT730 23.8"" Dual Curved Oyuncu Bilgisayarı",Zeiron,Rx44 Plus i5 3470 16GB,15749.0
https://www.trendyol.com/lenovo/ideapad-slim-3-15irh8-83em00dqtr-intel-core-i7-13620h-16gb-1tb-ssd-freedos-15-6-fhd-p-862689763,"83EM00DQTR Intel Core i7 13620H 16GB 1TB SSD Freedos 15.6"" FHD",LENOVO,IdeaPad Slim 3 15IRH8,24349.0
https://www.trendyol.com/hp/victus-laptop-16-e1010nt-r5-5600h-16-gb-512-gb-ssd-rtx-3050ti-16-1-fhd-144-hz-w11-home-793k2ea-p-650485218,"R5 5600h 16 Gb 512 Gb Ssd Rtx 3050tı 16.1"" Fhd 144 Hz W11 Home 793k2ea",HP,Victus Laptop 16-e1010nt,24990.0
https://www.trendyol.com/monster/abra-a7-v15-1-4-intel-core-i7-12700h-16-gb-ram-1-tb-ssd-6-gb-rtx-3050-freedos-17-3-fhd-144-hz-p-824630977,"Core i7 12700H 16 GB RAM 1 TB SSD 6 GB RTX 3050 FreeDOS 17,3"" FHD 144 Hz",MONSTER,Abra A7 V15.1.4 Intel,35099.0
https://www.trendyol.com/zeiron/dr15-i5-3470-16gb-256gb-ssd-1tb-hdd-rx550-4gb-23-8-curved-oyuncu-masaustu-bilgisayar-p-660626460,"256GB SSD+1TB HDD Rx550 4GB 23.8"" Curved Oyuncu Masaüstü Bilgisayar",Zeiron,Dr15 i5 3470 16GB,14999.0
https://www.trendyol.com/asus/vivobook-15-intel-core-i5-1235u-8gb-512gb-ssd-dos-15-6-fhd-gumus-dizustu-bilgisayar-f1502za-ej1534-p-780222579,"i5-1235U 8GB 512GB SSD DOS 15.6"" FHD Gümüş Dizüstü Bilgisayar F1502ZA-EJ1534",ASUS,Vivobook 15 Intel Core,16999.0
https://www.trendyol.com/ti-game/adventure-x-advx919242440w-i9-14900kf-192gb-ddr5-4tb-m-2-24gb-rtx-4090-custom-sogutma-1200w-w11p-p-861342943,ADVX919242440W I9-14900KF 192GB DDR5 4TB M.2 24GB RTX 4090 CUSTOM SOĞUTMA 1200W W11P,Ti Game,ADVENTURE X,530000.0
https://www.trendyol.com/casper/excalibur-g870-1245-bfa0x-b-i5-12450h-16gb-ram-1tb-nvme-ssd-gen4-6gb-rtx4050-dos-gaming-laptop-p-672181043,G870.1245-BFA0X-B i5-12450H 16GB RAM 1TB NVMe SSD GEN4 6GB RTX4050 DOS GAMING LAPTOP,CASPER,Excalibur,34699.0
https://www.trendyol.com/asus/tuf-gaming-f15-fx507vv-lp242-intel-i7-13620h-16gb-512gb-ssd-8gb-rtx4060-15-6-fhd-144hz-fdos-p-814189344,"FX507VV-LP242 INTEL I7-13620H 16GB 512GB SSD 8GB RTX4060 15.6"" FHD 144Hz FDOS",ASUS,TUF GAMING F15,46849.0
https://www.trendyol.com/msi/thin-gf63-12ve-1200xtr-i5-12450h-16gb-512gb-rtx4050-15-6-fhd-144hz-freedos-gaming-notebook-p-808472317,i5-12450H 16GB-512GB-RTX4050-15.6? FHD 144Hz FreeDOS Gaming Notebook,MSI,Thin GF63 12VE-1200XTR,33799.0
https://www.trendyol.com/asus/tuf-gaming-a15-fa507nvr-lp030-amd-ryzen-7-7435hs-16-gb-512-gb-ssd-rtx-4060-140watt-144-hz-freed-p-834516369,Fa507nvr-lp030 Amd Ryzen 7 7435hs 16 Gb 512 Gb Ssd Rtx 4060-140watt 144 Hz Freed,ASUS,Tuf Gaming A15,40499.0
https://www.trendyol.com/zeiron/kind-x60-i5-3470-16gb-128gb-ssd-500gb-hdd-gt730-18-5-oyun-bilgisayari-p-137200403,"128gb Ssd+500gb Hdd Gt730 18.5"" Oyun Bilgisayarı",Zeiron,Kind X60 I5-3470 16gb,9199.0
https://www.trendyol.com/acer/nitro-5-intel-core-i5-12500h-8gb-512gb-ssd-4gb-rtx3050ti-dos-15-6-fhd-gaming-laptop-nh-qfley-004-p-448144711,i5-12500H 8GB 512GB SSD 4GB RTX3050Ti DOS 15.6'' FHD Gaming Laptop NH.QFLEY.004,ACER,Nitro 5 Intel Core,26389.0
https://www.trendyol.com/apple/13-inch-macbook-air-apple-m3-chip-with-8-core-cpu-and-8-core-gpu-8gb-256gb-ssd-midnight-p-814750695,"Apple M3 chip with 8-core CPU and 8-core GPU, 8GB, 256GB SSD - Midnight",Apple,13-inch MacBook Air:,48000.0
https://www.trendyol.com/asus/p2451fa-bv0214-1tr-intel-core-i5-10210u-8gb-256gb-ssd-freedos-14-tasinabilir-bilgisayar-p-57652886,"Core I5 10210u 8gb 256gb Ssd Freedos 14"" Taşınabilir Bilgisayar",ASUS,P2451fa-bv0214-1tr Intel,13828.0
https://www.trendyol.com/gigabyte/g5-kf-e3ee313sd-i5-12500h-16gb-512ssd-rtx4060-15-6-fullhd-freedos-tasinabilir-bilgisayar-p-733943511,"I5-12500h 16gb 512ssd Rtx4060 15.6"" Fullhd Freedos Taşınabilir Bilgisayar",Gigabyte,G5 Kf-e3ee313sd,30529.0
https://www.trendyol.com/quadro/novabook-in16-1650p-cs-i5-1035g7-16gb-512gb-ssd-o-b-uhd-15-6-dos-siyah-notebook-p-804300550,"I5-1035g7 16gb 512gb Ssd O/b Uhd 15.6"" Dos Siyah Notebook",Quadro,Novabook In16-1650p-cs,13349.0
https://www.trendyol.com/lenovo/loq-15arp9-83jc006atr-ryzen-7-7435hs-8gb-512gb-rtx4050-15-6-inc-144hz-fhd-gaming-laptop-p-861004487,Ryzen 7-7435HS 8GB 512GB RTX4050 15.6 inç 144Hz FHD Gaming Laptop,LENOVO,LOQ 15ARP9 83JC006ATR,30899.0
https://www.trendyol.com/msi/thin-gf63-12ucx-427xtr-17-i5-12450h-32gb-1tb-ssd-rtx2050-w11p-15-6-fhd-144hz-bilgisayar-p-823133492,"i5 12450H 32GB 1TB SSD RTX2050 W11P 15.6"" FHD 144Hz Bilgisayar",MSI,THIN GF63 12UCX-427XTR-17,29599.0
https://www.trendyol.com/msi/katana-a17-ai-b8ve-853xtr-r7-8845hs-16gb-ddr5-1tb-ssd-6gb-rtx4050-gddr6-17-3-fhd-144hz-freedos-p-807703899,"R7-8845hs 16gb Ddr5 1tb Ssd 6gb Rtx4050 Gddr6 17.3"" Fhd 144hz Freedos",MSI,Katana A17 Aı B8ve-853xtr,39969.0
https://www.trendyol.com/izoly/business-swift-xt-i5-3470-16gb-256gb-22-masaustu-bilgisayari-p-637243886,"I5-3470 16gb 256gb 22""masaüstü Bilgisayarı",IZOLY,Busıness Swift Xt,6499.0
https://www.trendyol.com/hp/victus-15-fb2028nt-amd-r5-7535hs-16gb-512gb-ssd-rx6550m-4gb-freedos-15-6-fhd-144hz-notebook-a44mjea-p-829741896,"7535hs 16gb 512gb Ssd Rx6550m-4gb Freedos 15.6"" Fhd 144hz Notebook A44mjea",HP,Victus 15-fb2028nt Amd R5,25199.0
https://www.trendyol.com/casper/excalibur-g770-1270-bfj0x-b-i7-12700h-16gb-ram-1tb-nvme-ssd-gen4-4gb-rtx3050-dos-gaming-laptop-p-311975829,G770.1270-bfj0x-b I7-12700h 16gb Ram 1tb Nvme Ssd Gen4 4gb Rtx3050 Dos Gamıng Laptop,CASPER,Excalibur,29700.0
https://www.trendyol.com/asus/tuf-gaming-a15-fa507nv-lp038-amd-ryzen-7-7735hs-16gb-ddr5-512gb-ssd-8gb-rtx4060-15-6-144hz-dos-p-714314500,"Fa507nv-lp038 Amd Ryzen 7-7735hs 16gb Ddr5 512gb Ssd 8gb Rtx4060 15.6"" 144hz Dos",ASUS,Tuf Gamıng A15,41327.0
https://www.trendyol.com/zeiron/rx44-plus-i5-3470-16gb-1tb-hdd-240gb-ssd-gt730-23-8-dual-curved-oyuncu-bilgisayari-p-338365031,"1TB HDD + 240GB SSD GT730 23.8"" Dual Curved Oyuncu Bilgisayarı",Zeiron,Rx44 Plus i5 3470 16GB,15749.0
https://www.trendyol.com/huawei/matebook-d16-8gb-ram-i5-12450h-laptop-512gb-intel-core-12th-gen-p-331538976,i5 -12450h Laptop 512GB Intel Core 12th Gen,Huawei,MateBook D16 8GB RAM,20548.0
https://www.trendyol.com/apple/15-inch-macbook-air-apple-m2-chip-with-8-core-cpu-and-10-core-gpu-256gb-space-grey-p-736178354,"Apple M2 chip with 8-core CPU and 10-core GPU, 256GB - Space Grey",Apple,15-inch MacBook Air:,43850.0
https://www.trendyol.com/apple/macbook-pro-m3-pro-18gb-512gb-ssd-14-inc-uzay-siyah-mrx33tu-a-p-777662348,512gb Ssd 14 Inç Uzay Siyah Mrx33tu/a,Apple,Macbook Pro M3 Pro 18gb,87991.0
https://www.trendyol.com/zeiron/dr15-i5-3470-16gb-256gb-ssd-1tb-hdd-rx550-4gb-23-8-curved-oyuncu-masaustu-bilgisayar-p-660626460,"256GB SSD+1TB HDD Rx550 4GB 23.8"" Curved Oyuncu Masaüstü Bilgisayar",Zeiron,Dr15 i5 3470 16GB,14999.0
https://www.trendyol.com/lenovo/loq-15irx9-83dv00hntr-i7-13650hx-8gb-ddr5-512gb-rtx4060-8gb-15-6inc-144hz-fhd-gaming-laptop-p-835479357,I7-13650hx 8gb Ddr5 512gb Rtx4060 8gb 15.6inç 144hz Fhd Gaming Laptop,LENOVO,Loq 15ırx9 83dv00hntr,42999.0
https://www.trendyol.com/lenovo/v15-g3-82tt00qntx-06-i3-1215u-16gb-512gb-ssd-15-6-freedos-p-802046567,"I3-1215u 16gb 512gb Ssd 15.6"" Freedos",LENOVO,V15 G3 82tt00qntx-06,11399.0
